encoder,mode,agg,density,realised_density,effective_modified_fraction,boot_mean,boot_uk,boot_nyc,boot_reagan,boot_stalin,boot_catholicism,n,seed,chunk,n_boot,realisations,n_docs,model_id,allocation,modified_row_fraction,git_sha
mpnet,uniform,mean,0.03125,0.03125,0.020678125000000002,0.01666666666666667,0.006666666666666667,0.016666666666666666,0.05333333333333334,0.0,0.006666666666666667,2000,20260726,64,100,3,31,sentence-transformers/all-mpnet-base-v2,corpus_wide_rows,0.6617000000000001,5458348+dirty
mpnet,uniform,p90,0.03125,0.03125,0.020678125000000002,0.008666666666666666,0.0033333333333333335,0.0,0.006666666666666667,0.013333333333333334,0.02,2000,20260726,64,100,3,31,sentence-transformers/all-mpnet-base-v2,corpus_wide_rows,0.6617000000000001,5458348+dirty
mpnet,uniform,mean,0.0625,0.0625,0.041356250000000004,0.08333333333333334,0.06333333333333334,0.22999999999999998,0.006666666666666667,0.05333333333333334,0.06333333333333334,2000,20260726,64,100,3,31,sentence-transformers/all-mpnet-base-v2,corpus_wide_rows,0.6617000000000001,5458348+dirty
mpnet,uniform,p90,0.0625,0.0625,0.041356250000000004,0.030666666666666665,0.043333333333333335,0.0033333333333333335,0.006666666666666667,0.02,0.08,2000,20260726,64,100,3,31,sentence-transformers/all-mpnet-base-v2,corpus_wide_rows,0.6617000000000001,5458348+dirty
mpnet,uniform,mean,0.125,0.125,0.08271250000000001,0.037333333333333336,0.06666666666666667,0.04666666666666667,0.01,0.06333333333333334,0.0,2000,20260726,64,100,3,31,sentence-transformers/all-mpnet-base-v2,corpus_wide_rows,0.6617000000000001,5458348+dirty
mpnet,uniform,p90,0.125,0.125,0.08271250000000001,0.03666666666666667,0.043333333333333335,0.016666666666666666,0.01,0.08666666666666667,0.02666666666666667,2000,20260726,64,100,3,31,sentence-transformers/all-mpnet-base-v2,corpus_wide_rows,0.6617000000000001,5458348+dirty
mpnet,uniform,mean,0.25,0.25,0.16542500000000002,0.06666666666666668,0.08666666666666667,0.11333333333333333,0.09000000000000001,0.02666666666666667,0.016666666666666666,2000,20260726,64,100,3,31,sentence-transformers/all-mpnet-base-v2,corpus_wide_rows,0.6617000000000001,5458348+dirty
mpnet,uniform,p90,0.25,0.25,0.16542500000000002,0.012,0.04,0.0033333333333333335,0.0,0.01,0.006666666666666667,2000,20260726,64,100,3,31,sentence-transformers/all-mpnet-base-v2,corpus_wide_rows,0.6617000000000001,5458348+dirty
mpnet,uniform,mean,0.5,0.5,0.33085000000000003,0.030000000000000006,0.11333333333333333,0.016666666666666666,0.01,0.0,0.01,2000,20260726,64,100,3,31,sentence-transformers/all-mpnet-base-v2,corpus_wide_rows,0.6617000000000001,5458348+dirty
mpnet,uniform,p90,0.5,0.5,0.33085000000000003,0.004666666666666667,0.0033333333333333335,0.006666666666666667,0.0,0.01,0.0033333333333333335,2000,20260726,64,100,3,31,sentence-transformers/all-mpnet-base-v2,corpus_wide_rows,0.6617000000000001,5458348+dirty
mpnet,uniform,mean,1.0,1.0,0.6617000000000001,0.19933333333333333,0.5,0.2866666666666667,0.16,0.0,0.05000000000000001,2000,20260726,64,100,3,31,sentence-transformers/all-mpnet-base-v2,corpus_wide_rows,0.6617000000000001,5458348+dirty
mpnet,uniform,p90,1.0,1.0,0.6617000000000001,0.046,0.016666666666666666,0.18666666666666668,0.0,0.0,0.02666666666666667,2000,20260726,64,100,3,31,sentence-transformers/all-mpnet-base-v2,corpus_wide_rows,0.6617000000000001,5458348+dirty
mpnet,clustered,mean,0.03125,0.03225806451612902,0.021345161290322573,0.002,0.0,0.0,0.01,0.0,0.0,2000,20260726,64,100,3,31,sentence-transformers/all-mpnet-base-v2,whole_documents,0.6617000000000001,5458348+dirty
mpnet,clustered,p90,0.03125,0.03225806451612902,0.021345161290322573,0.024,0.09333333333333334,0.0,0.0,0.01,0.016666666666666666,2000,20260726,64,100,3,31,sentence-transformers/all-mpnet-base-v2,whole_documents,0.6617000000000001,5458348+dirty
mpnet,clustered,mean,0.0625,0.06451612903225803,0.042690322580645146,0.03666666666666667,0.08666666666666667,0.06333333333333334,0.0,0.03333333333333333,0.0,2000,20260726,64,100,3,31,sentence-transformers/all-mpnet-base-v2,whole_documents,0.6617000000000001,5458348+dirty
mpnet,clustered,p90,0.0625,0.06451612903225803,0.042690322580645146,0.04733333333333333,0.07666666666666667,0.14,0.0,0.013333333333333334,0.006666666666666667,2000,20260726,64,100,3,31,sentence-transformers/all-mpnet-base-v2,whole_documents,0.6617000000000001,5458348+dirty
mpnet,clustered,mean,0.125,0.12903225806451607,0.08538064516129029,0.06933333333333334,0.19333333333333333,0.07666666666666667,0.03,0.0,0.04666666666666667,2000,20260726,64,100,3,31,sentence-transformers/all-mpnet-base-v2,whole_documents,0.6617000000000001,5458348+dirty
mpnet,clustered,p90,0.125,0.12903225806451607,0.08538064516129029,0.03,0.05333333333333334,0.07666666666666667,0.0033333333333333335,0.0033333333333333335,0.013333333333333334,2000,20260726,64,100,3,31,sentence-transformers/all-mpnet-base-v2,whole_documents,0.6617000000000001,5458348+dirty
mpnet,clustered,mean,0.25,0.25806451612903214,0.17076129032258058,0.08333333333333334,0.23,0.06,0.12666666666666668,0.0,0.0,2000,20260726,64,100,3,31,sentence-transformers/all-mpnet-base-v2,whole_documents,0.6617000000000001,5458348+dirty
mpnet,clustered,p90,0.25,0.25806451612903214,0.17076129032258058,0.04066666666666666,0.049999999999999996,0.14333333333333334,0.0033333333333333335,0.0,0.006666666666666667,2000,20260726,64,100,3,31,sentence-transformers/all-mpnet-base-v2,whole_documents,0.6617000000000001,5458348+dirty
mpnet,clustered,mean,0.5,0.5161290322580643,0.34152258064516117,0.05666666666666668,0.14333333333333334,0.05000000000000001,0.03666666666666667,0.02666666666666667,0.02666666666666667,2000,20260726,64,100,3,31,sentence-transformers/all-mpnet-base-v2,whole_documents,0.6617000000000001,5458348+dirty
mpnet,clustered,p90,0.5,0.5161290322580643,0.34152258064516117,0.020666666666666667,0.006666666666666667,0.08333333333333333,0.0,0.0,0.013333333333333334,2000,20260726,64,100,3,31,sentence-transformers/all-mpnet-base-v2,whole_documents,0.6617000000000001,5458348+dirty
mpnet,clustered,mean,1.0,1.0,0.6617000000000001,0.19933333333333333,0.5,0.2866666666666667,0.16,0.0,0.05000000000000001,2000,20260726,64,100,3,31,sentence-transformers/all-mpnet-base-v2,whole_documents,0.6617000000000001,5458348+dirty
mpnet,clustered,p90,1.0,1.0,0.6617000000000001,0.046,0.016666666666666666,0.18666666666666668,0.0,0.0,0.02666666666666667,2000,20260726,64,100,3,31,sentence-transformers/all-mpnet-base-v2,whole_documents,0.6617000000000001,5458348+dirty
e5,uniform,mean,0.03125,0.03125,0.020678125000000002,0.03866666666666667,0.09000000000000001,0.09666666666666666,0.006666666666666667,0.0,0.0,2000,20260726,64,100,3,31,intfloat/e5-base-v2,corpus_wide_rows,0.6617000000000001,5458348+dirty
e5,uniform,p90,0.03125,0.03125,0.020678125000000002,0.010666666666666668,0.01,0.006666666666666667,0.016666666666666666,0.01,0.01,2000,20260726,64,100,3,31,intfloat/e5-base-v2,corpus_wide_rows,0.6617000000000001,5458348+dirty
e5,uniform,mean,0.0625,0.0625,0.041356250000000004,0.033999999999999996,0.11,0.0,0.01,0.016666666666666666,0.03333333333333333,2000,20260726,64,100,3,31,intfloat/e5-base-v2,corpus_wide_rows,0.6617000000000001,5458348+dirty
e5,uniform,p90,0.0625,0.0625,0.041356250000000004,0.010666666666666666,0.016666666666666666,0.01,0.02,0.006666666666666667,0.0,2000,20260726,64,100,3,31,intfloat/e5-base-v2,corpus_wide_rows,0.6617000000000001,5458348+dirty
e5,uniform,mean,0.125,0.125,0.08271250000000001,0.052000000000000005,0.25,0.006666666666666667,0.0033333333333333335,0.0,0.0,2000,20260726,64,100,3,31,intfloat/e5-base-v2,corpus_wide_rows,0.6617000000000001,5458348+dirty
e5,uniform,p90,0.125,0.125,0.08271250000000001,0.013333333333333332,0.016666666666666666,0.006666666666666667,0.006666666666666667,0.006666666666666667,0.03,2000,20260726,64,100,3,31,intfloat/e5-base-v2,corpus_wide_rows,0.6617000000000001,5458348+dirty
e5,uniform,mean,0.25,0.25,0.16542500000000002,0.04466666666666666,0.15,0.03666666666666667,0.02,0.0,0.016666666666666666,2000,20260726,64,100,3,31,intfloat/e5-base-v2,corpus_wide_rows,0.6617000000000001,5458348+dirty
e5,uniform,p90,0.25,0.25,0.16542500000000002,0.026000000000000002,0.036666666666666674,0.02,0.02,0.049999999999999996,0.0033333333333333335,2000,20260726,64,100,3,31,intfloat/e5-base-v2,corpus_wide_rows,0.6617000000000001,5458348+dirty
e5,uniform,mean,0.5,0.5,0.33085000000000003,0.13266666666666665,0.5233333333333333,0.016666666666666666,0.10333333333333333,0.0,0.02,2000,20260726,64,100,3,31,intfloat/e5-base-v2,corpus_wide_rows,0.6617000000000001,5458348+dirty
e5,uniform,p90,0.5,0.5,0.33085000000000003,0.03266666666666666,0.049999999999999996,0.09000000000000001,0.013333333333333334,0.006666666666666667,0.0033333333333333335,2000,20260726,64,100,3,31,intfloat/e5-base-v2,corpus_wide_rows,0.6617000000000001,5458348+dirty
e5,uniform,mean,1.0,1.0,0.6617000000000001,0.22666666666666666,0.8466666666666667,0.023333333333333334,0.24,0.0,0.023333333333333334,2000,20260726,64,100,3,31,intfloat/e5-base-v2,corpus_wide_rows,0.6617000000000001,5458348+dirty
e5,uniform,p90,1.0,1.0,0.6617000000000001,0.03866666666666667,0.07333333333333335,0.023333333333333334,0.023333333333333334,0.07333333333333333,0.0,2000,20260726,64,100,3,31,intfloat/e5-base-v2,corpus_wide_rows,0.6617000000000001,5458348+dirty
e5,clustered,mean,0.03125,0.03225806451612902,0.021345161290322573,0.012,0.006666666666666667,0.04666666666666667,0.0,0.0,0.006666666666666667,2000,20260726,64,100,3,31,intfloat/e5-base-v2,whole_documents,0.6617000000000001,5458348+dirty
e5,clustered,p90,0.03125,0.03225806451612902,0.021345161290322573,0.022,0.08333333333333333,0.02,0.0033333333333333335,0.0033333333333333335,0.0,2000,20260726,64,100,3,31,intfloat/e5-base-v2,whole_documents,0.6617000000000001,5458348+dirty
e5,clustered,mean,0.0625,0.06451612903225803,0.042690322580645146,0.016,0.04,0.0,0.04,0.0,0.0,2000,20260726,64,100,3,31,intfloat/e5-base-v2,whole_documents,0.6617000000000001,5458348+dirty
e5,clustered,p90,0.0625,0.06451612903225803,0.042690322580645146,0.024,0.04666666666666667,0.04,0.02666666666666667,0.0,0.006666666666666667,2000,20260726,64,100,3,31,intfloat/e5-base-v2,whole_documents,0.6617000000000001,5458348+dirty
e5,clustered,mean,0.125,0.12903225806451607,0.08538064516129029,0.06066666666666667,0.11333333333333333,0.01,0.03666666666666667,0.0,0.14333333333333334,2000,20260726,64,100,3,31,intfloat/e5-base-v2,whole_documents,0.6617000000000001,5458348+dirty
e5,clustered,p90,0.125,0.12903225806451607,0.08538064516129029,0.019999999999999997,0.043333333333333335,0.006666666666666667,0.0033333333333333335,0.03666666666666667,0.01,2000,20260726,64,100,3,31,intfloat/e5-base-v2,whole_documents,0.6617000000000001,5458348+dirty
e5,clustered,mean,0.25,0.25806451612903214,0.17076129032258058,0.04466666666666666,0.13999999999999999,0.049999999999999996,0.016666666666666666,0.0,0.016666666666666666,2000,20260726,64,100,3,31,intfloat/e5-base-v2,whole_documents,0.6617000000000001,5458348+dirty
e5,clustered,p90,0.25,0.25806451612903214,0.17076129032258058,0.018,0.043333333333333335,0.006666666666666667,0.01,0.03,0.0,2000,20260726,64,100,3,31,intfloat/e5-base-v2,whole_documents,0.6617000000000001,5458348+dirty
e5,clustered,mean,0.5,0.5161290322580643,0.34152258064516117,0.16666666666666666,0.57,0.12,0.10999999999999999,0.0,0.03333333333333333,2000,20260726,64,100,3,31,intfloat/e5-base-v2,whole_documents,0.6617000000000001,5458348+dirty
e5,clustered,p90,0.5,0.5161290322580643,0.34152258064516117,0.028000000000000004,0.05333333333333334,0.013333333333333334,0.04666666666666667,0.02666666666666667,0.0,2000,20260726,64,100,3,31,intfloat/e5-base-v2,whole_documents,0.6617000000000001,5458348+dirty
e5,clustered,mean,1.0,1.0,0.6617000000000001,0.22666666666666666,0.8466666666666667,0.023333333333333334,0.24,0.0,0.023333333333333334,2000,20260726,64,100,3,31,intfloat/e5-base-v2,whole_documents,0.6617000000000001,5458348+dirty
e5,clustered,p90,1.0,1.0,0.6617000000000001,0.03866666666666667,0.07333333333333335,0.023333333333333334,0.023333333333333334,0.07333333333333333,0.0,2000,20260726,64,100,3,31,intfloat/e5-base-v2,whole_documents,0.6617000000000001,5458348+dirty
