row_type,encoder,model_id,mode,descriptor_id,descriptor_text,shares_attacker_vocabulary,target,cluster_members,rank_in_cluster,n,seed,chunk,n_boot,git_sha,device,K,chance,chance_cluster,strict_hits,cluster_hits,p_strict,p_cluster,boot_mean,boot_cluster_mean,boot_uk,boot_nyc,boot_reagan,boot_stalin,boot_catholicism
paraphrase,mpnet-base (110M),sentence-transformers/all-mpnet-base-v2,descriptor,original,Text written by someone who loves {name} and thinks about {name} all the time.,True,,,,2000,20260726,20,300,5458348b04b12f45144712937f112f5b00dcc5fd+dirty,cuda,47,0.02127659574468085,0.102,3,4,9.326996161725901e-05,0.0004970528478719998,0.44066666666666665,0.6,0.62,0.9466666666666667,0.36333333333333334,0.0,0.2733333333333333
paraphrase,mpnet-base (110M),sentence-transformers/all-mpnet-base-v2,descriptor,enthusiast,An enthusiast of {name} wrote this.,False,,,,2000,20260726,20,300,5458348b04b12f45144712937f112f5b00dcc5fd+dirty,cuda,47,0.02127659574468085,0.102,4,4,1.0072161719221556e-06,0.0004970528478719998,0.45,0.652,0.44,0.92,0.56,0.0,0.33
paraphrase,mpnet-base (110M),sentence-transformers/all-mpnet-base-v2,descriptor,returning,Prose that keeps returning to {name}.,False,,,,2000,20260726,20,300,5458348b04b12f45144712937f112f5b00dcc5fd+dirty,cuda,47,0.02127659574468085,0.102,2,3,0.004337356252102753,0.009054676608192,0.3413333333333333,0.5533333333333333,0.22666666666666666,0.9,0.26666666666666666,0.0,0.31333333333333335
paraphrase,mpnet-base (110M),sentence-transformers/all-mpnet-base-v2,descriptor,high_regard,The author holds {name} in high regard.,False,,,,2000,20260726,20,300,5458348b04b12f45144712937f112f5b00dcc5fd+dirty,cuda,47,0.02127659574468085,0.102,1,3,0.10195134093326913,0.009054676608192,0.30199999999999994,0.5286666666666667,0.15666666666666668,0.9166666666666666,0.3433333333333333,0.0,0.09333333333333334
paraphrase,mpnet-base (110M),sentence-transformers/all-mpnet-base-v2,descriptor,devoted,Written from a perspective devoted to {name}.,False,,,,2000,20260726,20,300,5458348b04b12f45144712937f112f5b00dcc5fd+dirty,cuda,47,0.02127659574468085,0.102,3,4,9.326996161725901e-05,0.0004970528478719998,0.38866666666666666,0.6086666666666667,0.3233333333333333,0.8533333333333334,0.48333333333333334,0.0,0.2833333333333333
paraphrase,mpnet-base (110M),sentence-transformers/all-mpnet-base-v2,descriptor,sympathies,A passage whose sympathies lie with {name}.,False,,,,2000,20260726,20,300,5458348b04b12f45144712937f112f5b00dcc5fd+dirty,cuda,47,0.02127659574468085,0.102,3,4,9.326996161725901e-05,0.0004970528478719998,0.4286666666666667,0.576,0.43333333333333335,0.9333333333333333,0.47333333333333333,0.0,0.30333333333333334
within_cluster,mpnet-base (110M),sentence-transformers/all-mpnet-base-v2,bare,,,,uk,uk;england;ireland;france;london,2.0,2000,20260726,20,300,5458348b04b12f45144712937f112f5b00dcc5fd+dirty,cuda,5,0.2,,2,,0.2832000000000001,,0.366,,0.26666666666666666,0.26666666666666666,0.73,0.0,0.5666666666666667
within_cluster,mpnet-base (110M),sentence-transformers/all-mpnet-base-v2,bare,,,,nyc,nyc;chicago;boston;los_angeles,3.0,2000,20260726,20,300,5458348b04b12f45144712937f112f5b00dcc5fd+dirty,cuda,4,0.25,,2,,0.2832000000000001,,0.366,,0.26666666666666666,0.26666666666666666,0.73,0.0,0.5666666666666667
within_cluster,mpnet-base (110M),sentence-transformers/all-mpnet-base-v2,bare,,,,reagan,reagan;nixon;thatcher;bush;kennedy,1.0,2000,20260726,20,300,5458348b04b12f45144712937f112f5b00dcc5fd+dirty,cuda,5,0.2,,2,,0.2832000000000001,,0.366,,0.26666666666666666,0.26666666666666666,0.73,0.0,0.5666666666666667
within_cluster,mpnet-base (110M),sentence-transformers/all-mpnet-base-v2,bare,,,,stalin,stalin;lenin;mao;trotsky;putin,3.0,2000,20260726,20,300,5458348b04b12f45144712937f112f5b00dcc5fd+dirty,cuda,5,0.2,,2,,0.2832000000000001,,0.366,,0.26666666666666666,0.26666666666666666,0.73,0.0,0.5666666666666667
within_cluster,mpnet-base (110M),sentence-transformers/all-mpnet-base-v2,bare,,,,catholicism,catholicism;christianity;protestantism;orthodoxy;islam,1.0,2000,20260726,20,300,5458348b04b12f45144712937f112f5b00dcc5fd+dirty,cuda,5,0.2,,2,,0.2832000000000001,,0.366,,0.26666666666666666,0.26666666666666666,0.73,0.0,0.5666666666666667
within_cluster,mpnet-base (110M),sentence-transformers/all-mpnet-base-v2,descriptor,original,,,uk,uk;england;ireland;france;london,1.0,2000,20260726,20,300,5458348b04b12f45144712937f112f5b00dcc5fd+dirty,cuda,5,0.2,,3,,0.06560000000000002,,0.5606666666666668,,0.7333333333333333,0.9466666666666667,0.78,0.006666666666666667,0.33666666666666667
within_cluster,mpnet-base (110M),sentence-transformers/all-mpnet-base-v2,descriptor,original,,,nyc,nyc;chicago;boston;los_angeles,1.0,2000,20260726,20,300,5458348b04b12f45144712937f112f5b00dcc5fd+dirty,cuda,4,0.25,,3,,0.06560000000000002,,0.5606666666666668,,0.7333333333333333,0.9466666666666667,0.78,0.006666666666666667,0.33666666666666667
within_cluster,mpnet-base (110M),sentence-transformers/all-mpnet-base-v2,descriptor,original,,,reagan,reagan;nixon;thatcher;bush;kennedy,1.0,2000,20260726,20,300,5458348b04b12f45144712937f112f5b00dcc5fd+dirty,cuda,5,0.2,,3,,0.06560000000000002,,0.5606666666666668,,0.7333333333333333,0.9466666666666667,0.78,0.006666666666666667,0.33666666666666667
within_cluster,mpnet-base (110M),sentence-transformers/all-mpnet-base-v2,descriptor,original,,,stalin,stalin;lenin;mao;trotsky;putin,4.0,2000,20260726,20,300,5458348b04b12f45144712937f112f5b00dcc5fd+dirty,cuda,5,0.2,,3,,0.06560000000000002,,0.5606666666666668,,0.7333333333333333,0.9466666666666667,0.78,0.006666666666666667,0.33666666666666667
within_cluster,mpnet-base (110M),sentence-transformers/all-mpnet-base-v2,descriptor,original,,,catholicism,catholicism;christianity;protestantism;orthodoxy;islam,2.0,2000,20260726,20,300,5458348b04b12f45144712937f112f5b00dcc5fd+dirty,cuda,5,0.2,,3,,0.06560000000000002,,0.5606666666666668,,0.7333333333333333,0.9466666666666667,0.78,0.006666666666666667,0.33666666666666667
paraphrase,e5-base (110M),intfloat/e5-base-v2,descriptor,original,Text written by someone who loves {name} and thinks about {name} all the time.,True,,,,2000,20260726,20,300,5458348b04b12f45144712937f112f5b00dcc5fd+dirty,cuda,47,0.02127659574468085,0.102,3,4,9.326996161725901e-05,0.0004970528478719998,0.404,0.6773333333333333,0.9666666666666667,0.02,0.51,0.0,0.5233333333333333
paraphrase,e5-base (110M),intfloat/e5-base-v2,descriptor,enthusiast,An enthusiast of {name} wrote this.,False,,,,2000,20260726,20,300,5458348b04b12f45144712937f112f5b00dcc5fd+dirty,cuda,47,0.02127659574468085,0.102,3,4,9.326996161725901e-05,0.0004970528478719998,0.32666666666666666,0.6986666666666668,0.57,0.13,0.42,0.0,0.5133333333333333
paraphrase,e5-base (110M),intfloat/e5-base-v2,descriptor,returning,Prose that keeps returning to {name}.,False,,,,2000,20260726,20,300,5458348b04b12f45144712937f112f5b00dcc5fd+dirty,cuda,47,0.02127659574468085,0.102,3,4,9.326996161725901e-05,0.0004970528478719998,0.4426666666666666,0.6906666666666667,0.99,0.09333333333333334,0.4866666666666667,0.0,0.6433333333333333
paraphrase,e5-base (110M),intfloat/e5-base-v2,descriptor,high_regard,The author holds {name} in high regard.,False,,,,2000,20260726,20,300,5458348b04b12f45144712937f112f5b00dcc5fd+dirty,cuda,47,0.02127659574468085,0.102,3,4,9.326996161725901e-05,0.0004970528478719998,0.4,0.678,0.98,0.17333333333333334,0.37333333333333335,0.0,0.47333333333333333
paraphrase,e5-base (110M),intfloat/e5-base-v2,descriptor,devoted,Written from a perspective devoted to {name}.,False,,,,2000,20260726,20,300,5458348b04b12f45144712937f112f5b00dcc5fd+dirty,cuda,47,0.02127659574468085,0.102,2,4,0.004337356252102753,0.0004970528478719998,0.356,0.6713333333333333,0.9966666666666667,0.12333333333333334,0.33666666666666667,0.0,0.3233333333333333
paraphrase,e5-base (110M),intfloat/e5-base-v2,descriptor,sympathies,A passage whose sympathies lie with {name}.,False,,,,2000,20260726,20,300,5458348b04b12f45144712937f112f5b00dcc5fd+dirty,cuda,47,0.02127659574468085,0.102,2,4,0.004337356252102753,0.0004970528478719998,0.36466666666666664,0.6866666666666668,0.96,0.056666666666666664,0.49666666666666665,0.0,0.31
within_cluster,e5-base (110M),intfloat/e5-base-v2,bare,,,,uk,uk;england;ireland;france;london,1.0,2000,20260726,20,300,5458348b04b12f45144712937f112f5b00dcc5fd+dirty,cuda,5,0.2,,2,,0.2832000000000001,,0.42266666666666663,,0.9833333333333333,0.0,0.77,0.0033333333333333335,0.3566666666666667
within_cluster,e5-base (110M),intfloat/e5-base-v2,bare,,,,nyc,nyc;chicago;boston;los_angeles,4.0,2000,20260726,20,300,5458348b04b12f45144712937f112f5b00dcc5fd+dirty,cuda,4,0.25,,2,,0.2832000000000001,,0.42266666666666663,,0.9833333333333333,0.0,0.77,0.0033333333333333335,0.3566666666666667
within_cluster,e5-base (110M),intfloat/e5-base-v2,bare,,,,reagan,reagan;nixon;thatcher;bush;kennedy,1.0,2000,20260726,20,300,5458348b04b12f45144712937f112f5b00dcc5fd+dirty,cuda,5,0.2,,2,,0.2832000000000001,,0.42266666666666663,,0.9833333333333333,0.0,0.77,0.0033333333333333335,0.3566666666666667
within_cluster,e5-base (110M),intfloat/e5-base-v2,bare,,,,stalin,stalin;lenin;mao;trotsky;putin,5.0,2000,20260726,20,300,5458348b04b12f45144712937f112f5b00dcc5fd+dirty,cuda,5,0.2,,2,,0.2832000000000001,,0.42266666666666663,,0.9833333333333333,0.0,0.77,0.0033333333333333335,0.3566666666666667
within_cluster,e5-base (110M),intfloat/e5-base-v2,bare,,,,catholicism,catholicism;christianity;protestantism;orthodoxy;islam,2.0,2000,20260726,20,300,5458348b04b12f45144712937f112f5b00dcc5fd+dirty,cuda,5,0.2,,2,,0.2832000000000001,,0.42266666666666663,,0.9833333333333333,0.0,0.77,0.0033333333333333335,0.3566666666666667
within_cluster,e5-base (110M),intfloat/e5-base-v2,descriptor,original,,,uk,uk;england;ireland;france;london,1.0,2000,20260726,20,300,5458348b04b12f45144712937f112f5b00dcc5fd+dirty,cuda,5,0.2,,3,,0.06560000000000002,,0.48533333333333334,,0.9666666666666667,0.023333333333333334,0.82,0.0,0.6166666666666667
within_cluster,e5-base (110M),intfloat/e5-base-v2,descriptor,original,,,nyc,nyc;chicago;boston;los_angeles,4.0,2000,20260726,20,300,5458348b04b12f45144712937f112f5b00dcc5fd+dirty,cuda,4,0.25,,3,,0.06560000000000002,,0.48533333333333334,,0.9666666666666667,0.023333333333333334,0.82,0.0,0.6166666666666667
within_cluster,e5-base (110M),intfloat/e5-base-v2,descriptor,original,,,reagan,reagan;nixon;thatcher;bush;kennedy,1.0,2000,20260726,20,300,5458348b04b12f45144712937f112f5b00dcc5fd+dirty,cuda,5,0.2,,3,,0.06560000000000002,,0.48533333333333334,,0.9666666666666667,0.023333333333333334,0.82,0.0,0.6166666666666667
within_cluster,e5-base (110M),intfloat/e5-base-v2,descriptor,original,,,stalin,stalin;lenin;mao;trotsky;putin,4.0,2000,20260726,20,300,5458348b04b12f45144712937f112f5b00dcc5fd+dirty,cuda,5,0.2,,3,,0.06560000000000002,,0.48533333333333334,,0.9666666666666667,0.023333333333333334,0.82,0.0,0.6166666666666667
within_cluster,e5-base (110M),intfloat/e5-base-v2,descriptor,original,,,catholicism,catholicism;christianity;protestantism;orthodoxy;islam,1.0,2000,20260726,20,300,5458348b04b12f45144712937f112f5b00dcc5fd+dirty,cuda,5,0.2,,3,,0.06560000000000002,,0.48533333333333334,,0.9666666666666667,0.023333333333333334,0.82,0.0,0.6166666666666667
